"","Df","SumOfSqs","R2","F","Pr(>F)"
"Model",3,53878.2639694724,0.419872005748815,13.0276355879601,0.001
"Residual",54,74442.4224106163,0.580127994251186,NA,NA
"Total",57,128320.686380089,1,NA,NA
