"pairs","Df","SumsOfSqs","F.Model","R2","p.value","p.adjusted","sig"
"tr1+tr2 vs tr2",1,2824.38571360504,1.5513988442141,0.0524983217340269,0.067,0.402,""
"tr1+tr2 vs tr1",1,29570.1257191556,18.6210618902818,0.399413079309619,0.001,0.006,"*"
"tr1+tr2 vs control",1,29687.2759356533,18.3742707381068,0.396216920409883,0.001,0.006,"*"
"tr2 vs tr1",1,24806.5631503708,17.1521773855929,0.397481156798346,0.001,0.006,"*"
"tr2 vs control",1,24776.4655211208,16.7850974021393,0.392311772586967,0.001,0.006,"*"
"tr1 vs control",1,1289.21542860851,1.05185155114137,0.0388827932591916,0.302,1,""
