"","Df","SumOfSqs","R2","F","Pr(>F)"
"Model",3,56670.2837216417,0.40620168109715,12.3133225995962,0.001
"Residual",54,82842.3927610735,0.59379831890285,NA,NA
"Total",57,139512.676482715,1,NA,NA
