"","Df","SumOfSqs","R2","F","Pr(>F)"
"Model",3,74851.9163719649,0.467187121875217,15.7829672273508,0.001
"Residual",54,85366.3620590006,0.532812878124783,NA,NA
"Total",57,160218.278430965,1,NA,NA
