"pairs","Df","SumsOfSqs","F.Model","R2","p.value","p.adjusted","sig"
"tr1+tr2 vs tr2",1,4101.73373551774,1.58603671861115,0.0536076100254906,0.044,0.264,""
"tr1+tr2 vs tr1",1,46769.0520882278,21.1858720802063,0.430730841686795,0.001,0.006,"*"
"tr1+tr2 vs control",1,45911.9812984009,20.1231367904636,0.418159291612332,0.001,0.006,"*"
"tr2 vs tr1",1,41151.4651519944,19.8033796397905,0.432356297625401,0.001,0.006,"*"
"tr2 vs control",1,40235.9382763915,18.6477148080441,0.417663365039332,0.001,0.006,"*"
"tr1 vs control",1,2143.74537740745,1.22501827660769,0.0449960497422421,0.173,1,""
