"pairs","Df","SumsOfSqs","F.Model","R2","p.value","p.adjusted","sig"
"tr1+tr2 vs tr2",1,3078.26695566729,1.60835388425922,0.054320949099243,0.043,0.258,""
"tr1+tr2 vs tr1",1,38168.5811405111,23.6386686533381,0.457770683671761,0.001,0.006,"*"
"tr1+tr2 vs control",1,37470.1823554957,22.3864264011782,0.444294783339799,0.001,0.006,"*"
"tr2 vs tr1",1,35062.5890727141,23.6784871010793,0.476634625625805,0.001,0.006,"*"
"tr2 vs control",1,34112.8722878083,22.0874013994137,0.459317841194118,0.001,0.006,"*"
"tr1 vs control",1,1535.26135461126,1.25617373091357,0.0460876769907302,0.169,1,""
