"","Df","SumOfSqs","R2","F","Pr(>F)"
"Model",3,90385.4341418381,0.433925878710812,13.7979559973638,0.001
"Residual",54,117911.509129608,0.566074121289189,NA,NA
"Total",57,208296.943271446,1,NA,NA
