"mz_rt_min","log2FC","AveExpr","t","p","p_adj_BH","log_odds"
"254.013_6.42",5.1886266828195,21.2898504655204,17.6635591518119,4.07148937157665e-25,7.55668427364626e-22,36.2546866413591
