"treatment","comp1","comp2"
"control",-0.505666583284414,-0.03006751972972
"tr1",-0.501671951623267,-0.0536789931018964
"tr2",0.427082147722832,0.764299045454982
"tr1+tr2",0.556980608819035,-0.641920150075905
