"treatment","comp1","comp2"
"control",-0.510435591396203,-0.0379661798506413
"tr1",-0.497961085662329,-0.0348689196678754
"tr2",0.429947027234169,0.760200075490724
"tr1+tr2",0.553747070398123,-0.647640774544533
