"treatment","comp1","comp2"
"control",-0.510435591396203,0.00747678073753767
"tr1",-0.497961085662329,-0.0886052875112685
"tr2",0.429947027234169,0.760704149965554
"tr1+tr2",0.553747070398123,-0.642979313042054
