"treatment","comp1","comp2"
"control",-0.510435591396203,0.00656693984372044
"tr1",-0.497961085662329,-0.0846990124805903
"tr2",0.429947027234169,0.759234245642866
"tr1+tr2",0.553747070398123,-0.645249031637405
