"treatment","comp1","comp2"
"control",-0.500151271061315,0.382504811571804
"tr1",-0.511565265923925,-0.396977118699055
"tr2",0.44234864467946,0.612030171302271
"tr1+tr2",0.540811761434771,-0.567025842241364
