"treatment","comp1","comp2"
"control",-0.501099721054567,0.371296068989758
"tr1",-0.510250846425932,-0.409913033153225
"tr2",0.425833013423153,0.62242448247487
"tr1+tr2",0.554264727327666,-0.553803483213827
